Workbook

Sheet Raw Export (Scuba TSV)
A1: Resolved Tickets Export — Scuba Database (TSV)
A2: Source: Scuba in-memory database export, all agent-resolved tickets, current audit period.
A4: Ticket ID | B4: Agent Name | C4: Queue | D4: Date Resolved | E4: Agent Decision (Violation Category)
A5: T-100001 | B5: Agent 101 | C5: X-CHECK | D5: 46143 | E5: Hate Speech
A6: T-100002 | B6: Agent 101 | C6: X-CHECK | D6: 46150 | E6: Bullying & Harassment
A7: T-100003 | B7: Agent 101 | C7: X-CHECK | D7: 46147 | E7: Adult Nudity & Sexual Activity
A8: T-100004 | B8: Agent 101 | C8: X-CHECK | D8: 46164 | E8: Hate Speech
A9: T-100005 | B9: Agent 101 | C9: X-CHECK | D9: 46145 | E9: Child Safety
A10: T-100006 | B10: Agent 101 | C10: X-CHECK | D10: 46156 | E10: Dangerous Organizations
A11: T-100007 | B11: Agent 101 | C11: X-CHECK | D11: 46143 | E11: No Violation
A12: T-100008 | B12: Agent 101 | C12: X-CHECK | D12: 46149 | E12: Hate Speech
A13: T-100009 | B13: Agent 101 | C13: X-CHECK | D13: 46159 | E13: Adult Nudity & Sexual Activity
A14: T-100010 | B14: Agent 101 | C14: X-CHECK | D14: 46143 | E14: Dangerous Organizations
A15: T-100011 | B15: Agent 101 | C15: X-CHECK | D15: 46149 | E15: Child Safety
A16: T-100012 | B16: Agent 101 | C16: X-CHECK | D16: 46156 | E16: Child Safety
... A1478: T-101474 | B1478: Agent 104 | C1478: ESCALATION TAGGING | D1478: 46169 | E1478: Adult Nudity & Sexual Activity

Sheet QA Audit
A1: QA Audit — Minimum 3% Sample per Agent per Queue
A2: Violation categories follow Policy Implementation Standards. Agent Decision pulled via VLOOKUP from 'Raw Export (Scuba TSV)'. Accuracy auto-flags when QA Decision differs from Agent Decision.
A4: Ticket ID | B4: Agent Name | C4: Queue | D4: Date Resolved | E4: Agent Decision (VLOOKUP) | F4: QA Decision (Reviewer Input) | G4: Accuracy Result | H4: QA Notes
A5: T-100893 | B5: =IFERROR(VLOOKUP(A5,'Raw Export (Scuba TSV)'!$A$5:$E$1478,2,FALSE),"") | C5: =IFERROR(VLOOKUP(A5,'Raw Export (Scuba TSV)'!$A$5:$E$1478,3,FALSE),"") | D5: =IFERROR(VLOOKUP(A5,'Raw Export (Scuba TSV)'!$A$5:$E$1478,4,FALSE),"") | E5: =IFERROR(VLOOKUP(A5,'Raw Export (Scuba TSV)'!$A$5:$E$1478,5,FALSE),"") | F5: Hate Speech | G5: =IF(E5=F5,"Match","ERROR")
A6: T-100339 | B6: =IFERROR(VLOOKUP(A6,'Raw Export (Scuba TSV)'!$A$5:$E$1478,2,FALSE),"") | C6: =IFERROR(VLOOKUP(A6,'Raw Export (Scuba TSV)'!$A$5:$E$1478,3,FALSE),"") | D6: =IFERROR(VLOOKUP(A6,'Raw Export (Scuba TSV)'!$A$5:$E$1478,4,FALSE),"") | E6: =IFERROR(VLOOKUP(A6,'Raw Export (Scuba TSV)'!$A$5:$E$1478,5,FALSE),"") | F6: Spam | G6: =IF(E6=F6,"Match","ERROR")
A7: T-101337 | B7: =IFERROR(VLOOKUP(A7,'Raw Export (Scuba TSV)'!$A$5:$E$1478,2,FALSE),"") | C7: =IFERROR(VLOOKUP(A7,'Raw Export (Scuba TSV)'!$A$5:$E$1478,3,FALSE),"") | D7: =IFERROR(VLOOKUP(A7,'Raw Export (Scuba TSV)'!$A$5:$E$1478,4,FALSE),"") | E7: =IFERROR(VLOOKUP(A7,'Raw Export (Scuba TSV)'!$A$5:$E$1478,5,FALSE),"") | F7: Fraud & Deceptive Practices | G7: =IF(E7=F7,"Match","ERROR")
A8: T-100989 | B8: =IFERROR(VLOOKUP(A8,'Raw Export (Scuba TSV)'!$A$5:$E$1478,2,FALSE),"") | C8: =IFERROR(VLOOKUP(A8,'Raw Export (Scuba TSV)'!$A$5:$E$1478,3,FALSE),"") | D8: =IFERROR(VLOOKUP(A8,'Raw Export (Scuba TSV)'!$A$5:$E$1478,4,FALSE),"") | E8: =IFERROR(VLOOKUP(A8,'Raw Export (Scuba TSV)'!$A$5:$E$1478,5,FALSE),"") | F8: Bullying & Harassment | G8: =IF(E8=F8,"Match","ERROR")
A9: T-101050 | B9: =IFERROR(VLOOKUP(A9,'Raw Export (Scuba TSV)'!$A$5:$E$1478,2,FALSE),"") | C9: =IFERROR(VLOOKUP(A9,'Raw Export (Scuba TSV)'!$A$5:$E$1478,3,FALSE),"") | D9: =IFERROR(VLOOKUP(A9,'Raw Export (Scuba TSV)'!$A$5:$E$1478,4,FALSE),"") | E9: =IFERROR(VLOOKUP(A9,'Raw Export (Scuba TSV)'!$A$5:$E$1478,5,FALSE),"") | F9: Child Safety | G9: =IF(E9=F9,"Match","ERROR")
A10: T-101119 | B10: =IFERROR(VLOOKUP(A10,'Raw Export (Scuba TSV)'!$A$5:$E$1478,2,FALSE),"") | C10: =IFERROR(VLOOKUP(A10,'Raw Export (Scuba TSV)'!$A$5:$E$1478,3,FALSE),"") | D10: =IFERROR(VLOOKUP(A10,'Raw Export (Scuba TSV)'!$A$5:$E$1478,4,FALSE),"") | E10: =IFERROR(VLOOKUP(A10,'Raw Export (Scuba TSV)'!$A$5:$E$1478,5,FALSE),"") | F10: Hate Speech | G10: =IF(E10=F10,"Match","ERROR")
A11: T-100708 | B11: =IFERROR(VLOOKUP(A11,'Raw Export (Scuba TSV)'!$A$5:$E$1478,2,FALSE),"") | C11: =IFERROR(VLOOKUP(A11,'Raw Export (Scuba TSV)'!$A$5:$E$1478,3,FALSE),"") | D11: =IFERROR(VLOOKUP(A11,'Raw Export (Scuba TSV)'!$A$5:$E$1478,4,FALSE),"") | E11: =IFERROR(VLOOKUP(A11,'Raw Export (Scuba TSV)'!$A$5:$E$1478,5,FALSE),"") | F11: Bullying & Harassment | G11: =IF(E11=F11,"Match","ERROR")
A12: T-100662 | B12: =IFERROR(VLOOKUP(A12,'Raw Export (Scuba TSV)'!$A$5:$E$1478,2,FALSE),"") | C12: =IFERROR(VLOOKUP(A12,'Raw Export (Scuba TSV)'!$A$5:$E$1478,3,FALSE),"") | D12: =IFERROR(VLOOKUP(A12,'Raw Export (Scuba TSV)'!$A$5:$E$1478,4,FALSE),"") | E12: =IFERROR(VLOOKUP(A12,'Raw Export (Scuba TSV)'!$A$5:$E$1478,5,FALSE),"") | F12: Child Safety | G12: =IF(E12=F12,"Match","ERROR")
A13: T-100320 | B13: =IFERROR(VLOOKUP(A13,'Raw Export (Scuba TSV)'!$A$5:$E$1478,2,FALSE),"") | C13: =IFERROR(VLOOKUP(A13,'Raw Export (Scuba TSV)'!$A$5:$E$1478,3,FALSE),"") | D13: =IFERROR(VLOOKUP(A13,'Raw Export (Scuba TSV)'!$A$5:$E$1478,4,FALSE),"") | E13: =IFERROR(VLOOKUP(A13,'Raw Export (Scuba TSV)'!$A$5:$E$1478,5,FALSE),"") | F13: Adult Nudity & Sexual Activity | G13: =IF(E13=F13,"Match","ERROR")
A14: T-101309 | B14: =IFERROR(VLOOKUP(A14,'Raw Export (Scuba TSV)'!$A$5:$E$1478,2,FALSE),"") | C14: =IFERROR(VLOOKUP(A14,'Raw Export (Scuba TSV)'!$A$5:$E$1478,3,FALSE),"") | D14: =IFERROR(VLOOKUP(A14,'Raw Export (Scuba TSV)'!$A$5:$E$1478,4,FALSE),"") | E14: =IFERROR(VLOOKUP(A14,'Raw Export (Scuba TSV)'!$A$5:$E$1478,5,FALSE),"") | F14: Adult Nudity & Sexual Activity | G14: =IF(E14=F14,"Match","ERROR")
A15: T-100037 | B15: =IFERROR(VLOOKUP(A15,'Raw Export (Scuba TSV)'!$A$5:$E$1478,2,FALSE),"") | C15: =IFERROR(VLOOKUP(A15,'Raw Export (Scuba TSV)'!$A$5:$E$1478,3,FALSE),"") | D15: =IFERROR(VLOOKUP(A15,'Raw Export (Scuba TSV)'!$A$5:$E$1478,4,FALSE),"") | E15: =IFERROR(VLOOKUP(A15,'Raw Export (Scuba TSV)'!$A$5:$E$1478,5,FALSE),"") | F15: Hate Speech | G15: =IF(E15=F15,"Match","ERROR")
A16: T-100164 | B16: =IFERROR(VLOOKUP(A16,'Raw Export (Scuba TSV)'!$A$5:$E$1478,2,FALSE),"") | C16: =IFERROR(VLOOKUP(A16,'Raw Export (Scuba TSV)'!$A$5:$E$1478,3,FALSE),"") | D16: =IFERROR(VLOOKUP(A16,'Raw Export (Scuba TSV)'!$A$5:$E$1478,4,FALSE),"") | E16: =IFERROR(VLOOKUP(A16,'Raw Export (Scuba TSV)'!$A$5:$E$1478,5,FALSE),"") | F16: Dangerous Organizations | G16: =IF(E16=F16,"Match","ERROR")
... A48: T-100130 | B48: =IFERROR(VLOOKUP(A48,'Raw Export (Scuba TSV)'!$A$5:$E$1478,2,FALSE),"") | C48: =IFERROR(VLOOKUP(A48,'Raw Export (Scuba TSV)'!$A$5:$E$1478,3,FALSE),"") | D48: =IFERROR(VLOOKUP(A48,'Raw Export (Scuba TSV)'!$A$5:$E$1478,4,FALSE),"") | E48: =IFERROR(VLOOKUP(A48,'Raw Export (Scuba TSV)'!$A$5:$E$1478,5,FALSE),"") | F48: Fraud & Deceptive Practices | G48: =IF(E48=F48,"Match","ERROR")

Sheet Accuracy Summary
A1: Accuracy Summary by Agent & Queue
A2: Audit Coverage % should meet or exceed the 3% minimum sampling requirement per agent per queue.
A4: Agent Name | B4: Queue | C4: Tickets Resolved | D4: Tickets Audited | E4: Errors Found | F4: Accuracy % | G4: Audit Coverage %
A5: Agent 101 | B5: X-CHECK | C5: =COUNTIFS('Raw Export (Scuba TSV)'!$B$5:$B$1478,A5,'Raw Export (Scuba TSV)'!$C$5:$C$1478,B5) | D5: =COUNTIFS('QA Audit'!$B$5:$B$48,A5,'QA Audit'!$C$5:$C$48,B5) | E5: =COUNTIFS('QA Audit'!$B$5:$B$48,A5,'QA Audit'!$C$5:$C$48,B5,'QA Audit'!$G$5:$G$48,"ERROR") | F5: =IF(D5=0,"-",(D5-E5)/D5) | G5: =IF(C5=0,"-",D5/C5)
A6: Agent 101 | B6: PRM | C6: =COUNTIFS('Raw Export (Scuba TSV)'!$B$5:$B$1478,A6,'Raw Export (Scuba TSV)'!$C$5:$C$1478,B6) | D6: =COUNTIFS('QA Audit'!$B$5:$B$48,A6,'QA Audit'!$C$5:$C$48,B6) | E6: =COUNTIFS('QA Audit'!$B$5:$B$48,A6,'QA Audit'!$C$5:$C$48,B6,'QA Audit'!$G$5:$G$48,"ERROR") | F6: =IF(D6=0,"-",(D6-E6)/D6) | G6: =IF(C6=0,"-",D6/C6)
A7: Agent 101 | B7: PROACTIVE | C7: =COUNTIFS('Raw Export (Scuba TSV)'!$B$5:$B$1478,A7,'Raw Export (Scuba TSV)'!$C$5:$C$1478,B7) | D7: =COUNTIFS('QA Audit'!$B$5:$B$48,A7,'QA Audit'!$C$5:$C$48,B7) | E7: =COUNTIFS('QA Audit'!$B$5:$B$48,A7,'QA Audit'!$C$5:$C$48,B7,'QA Audit'!$G$5:$G$48,"ERROR") | F7: =IF(D7=0,"-",(D7-E7)/D7) | G7: =IF(C7=0,"-",D7/C7)
A8: Agent 101 | B8: TARGETED ENFORCEMENT | C8: =COUNTIFS('Raw Export (Scuba TSV)'!$B$5:$B$1478,A8,'Raw Export (Scuba TSV)'!$C$5:$C$1478,B8) | D8: =COUNTIFS('QA Audit'!$B$5:$B$48,A8,'QA Audit'!$C$5:$C$48,B8) | E8: =COUNTIFS('QA Audit'!$B$5:$B$48,A8,'QA Audit'!$C$5:$C$48,B8,'QA Audit'!$G$5:$G$48,"ERROR") | F8: =IF(D8=0,"-",(D8-E8)/D8) | G8: =IF(C8=0,"-",D8/C8)
A9: Agent 101 | B9: COMMUNITY NOTES | C9: =COUNTIFS('Raw Export (Scuba TSV)'!$B$5:$B$1478,A9,'Raw Export (Scuba TSV)'!$C$5:$C$1478,B9) | D9: =COUNTIFS('QA Audit'!$B$5:$B$48,A9,'QA Audit'!$C$5:$C$48,B9) | E9: =COUNTIFS('QA Audit'!$B$5:$B$48,A9,'QA Audit'!$C$5:$C$48,B9,'QA Audit'!$G$5:$G$48,"ERROR") | F9: =IF(D9=0,"-",(D9-E9)/D9) | G9: =IF(C9=0,"-",D9/C9)
A10: Agent 101 | B10: MEMORIALIZATION | C10: =COUNTIFS('Raw Export (Scuba TSV)'!$B$5:$B$1478,A10,'Raw Export (Scuba TSV)'!$C$5:$C$1478,B10) | D10: =COUNTIFS('QA Audit'!$B$5:$B$48,A10,'QA Audit'!$C$5:$C$48,B10) | E10: =COUNTIFS('QA Audit'!$B$5:$B$48,A10,'QA Audit'!$C$5:$C$48,B10,'QA Audit'!$G$5:$G$48,"ERROR") | F10: =IF(D10=0,"-",(D10-E10)/D10) | G10: =IF(C10=0,"-",D10/C10)
A11: Agent 101 | B11: SEXTORTION APPEALS | C11: =COUNTIFS('Raw Export (Scuba TSV)'!$B$5:$B$1478,A11,'Raw Export (Scuba TSV)'!$C$5:$C$1478,B11) | D11: =COUNTIFS('QA Audit'!$B$5:$B$48,A11,'QA Audit'!$C$5:$C$48,B11) | E11: =COUNTIFS('QA Audit'!$B$5:$B$48,A11,'QA Audit'!$C$5:$C$48,B11,'QA Audit'!$G$5:$G$48,"ERROR") | F11: =IF(D11=0,"-",(D11-E11)/D11) | G11: =IF(C11=0,"-",D11/C11)
A12: Agent 101 | B12: ANZ XCHECK | C12: =COUNTIFS('Raw Export (Scuba TSV)'!$B$5:$B$1478,A12,'Raw Export (Scuba TSV)'!$C$5:$C$1478,B12) | D12: =COUNTIFS('QA Audit'!$B$5:$B$48,A12,'QA Audit'!$C$5:$C$48,B12) | E12: =COUNTIFS('QA Audit'!$B$5:$B$48,A12,'QA Audit'!$C$5:$C$48,B12,'QA Audit'!$G$5:$G$48,"ERROR") | F12: =IF(D12=0,"-",(D12-E12)/D12) | G12: =IF(C12=0,"-",D12/C12)
A13: Agent 101 | B13: NAME AUTHENTICITY/IDENTITY | C13: =COUNTIFS('Raw Export (Scuba TSV)'!$B$5:$B$1478,A13,'Raw Export (Scuba TSV)'!$C$5:$C$1478,B13) | D13: =COUNTIFS('QA Audit'!$B$5:$B$48,A13,'QA Audit'!$C$5:$C$48,B13) | E13: =COUNTIFS('QA Audit'!$B$5:$B$48,A13,'QA Audit'!$C$5:$C$48,B13,'QA Audit'!$G$5:$G$48,"ERROR") | F13: =IF(D13=0,"-",(D13-E13)/D13) | G13: =IF(C13=0,"-",D13/C13)
A14: Agent 101 | B14: SUPPORT INVESTIGATION | C14: =COUNTIFS('Raw Export (Scuba TSV)'!$B$5:$B$1478,A14,'Raw Export (Scuba TSV)'!$C$5:$C$1478,B14) | D14: =COUNTIFS('QA Audit'!$B$5:$B$48,A14,'QA Audit'!$C$5:$C$48,B14) | E14: =COUNTIFS('QA Audit'!$B$5:$B$48,A14,'QA Audit'!$C$5:$C$48,B14,'QA Audit'!$G$5:$G$48,"ERROR") | F14: =IF(D14=0,"-",(D14-E14)/D14) | G14: =IF(C14=0,"-",D14/C14)
A15: Agent 101 | B15: ESCALATION TAGGING | C15: =COUNTIFS('Raw Export (Scuba TSV)'!$B$5:$B$1478,A15,'Raw Export (Scuba TSV)'!$C$5:$C$1478,B15) | D15: =COUNTIFS('QA Audit'!$B$5:$B$48,A15,'QA Audit'!$C$5:$C$48,B15) | E15: =COUNTIFS('QA Audit'!$B$5:$B$48,A15,'QA Audit'!$C$5:$C$48,B15,'QA Audit'!$G$5:$G$48,"ERROR") | F15: =IF(D15=0,"-",(D15-E15)/D15) | G15: =IF(C15=0,"-",D15/C15)
A16: Agent 102 | B16: X-CHECK | C16: =COUNTIFS('Raw Export (Scuba TSV)'!$B$5:$B$1478,A16,'Raw Export (Scuba TSV)'!$C$5:$C$1478,B16) | D16: =COUNTIFS('QA Audit'!$B$5:$B$48,A16,'QA Audit'!$C$5:$C$48,B16) | E16: =COUNTIFS('QA Audit'!$B$5:$B$48,A16,'QA Audit'!$C$5:$C$48,B16,'QA Audit'!$G$5:$G$48,"ERROR") | F16: =IF(D16=0,"-",(D16-E16)/D16) | G16: =IF(C16=0,"-",D16/C16)
... A48: Agent 104 | B48: ESCALATION TAGGING | C48: =COUNTIFS('Raw Export (Scuba TSV)'!$B$5:$B$1478,A48,'Raw Export (Scuba TSV)'!$C$5:$C$1478,B48) | D48: =COUNTIFS('QA Audit'!$B$5:$B$48,A48,'QA Audit'!$C$5:$C$48,B48) | E48: =COUNTIFS('QA Audit'!$B$5:$B$48,A48,'QA Audit'!$C$5:$C$48,B48,'QA Audit'!$G$5:$G$48,"ERROR") | F48: =IF(D48=0,"-",(D48-E48)/D48) | G48: =IF(C48=0,"-",D48/C48)
A50: OVERALL | C50: =SUM(C5:C48) | D50: =SUM(D5:D48) | E50: =SUM(E5:E48) | F50: =IF(D50=0,"-",(D50-E50)/D50) | G50: =IF(C50=0,"-",D50/C50)
